Your browser is too old. \nPlease install any supported browser:;Ihr Browser ist zu alt. \nBitte installieren Sie einen unterst체tzten Browser:
Error {0};Error {0}
Display:;Anzeige:
Change language:;Sprache:
Language: cs-CZ;Tschechisch
Language: en-GB;Englisch
Language: de-DE;Deutsch
Media: mobile;mobile
Media: full;computer
Language:;Sprache:
freelance web developer, trainer & consultant;freiberuflicher webentwickler, trainer & berater
primary platforms;prim채re plattformen
Change theme to:;Design 채ndern in:
Page not found.;Seite nicht gefunden.
Fork my source code on Github.com;Forke meinen Quellcode auf Github.com
Home;Hauptseite
contact email subject;Anfrage f체r IT-Dienstleistungen